<?xml version="1.0" encoding="UTF-8"?>
<project-private xmlns="http://www.netbeans.org/ns/project-private/1">
    <editor-bookmarks xmlns="http://www.netbeans.org/ns/editor-bookmarks/2" lastBookmarkId="0"/>
    <open-files xmlns="http://www.netbeans.org/ns/projectui-open-files/2">
        <group>
            <file>file:/C:/xampp/htdocs/restaurant-360/resources/views/pages/client/edit_client_blade.php</file>
            <file>file:/C:/xampp/htdocs/restaurant-360/resources/views/pages/client/list_wholesale_client.blade.php</file>
            <file>file:/C:/xampp/htdocs/restaurant-360/resources/views/pages/invoice/latest_create_invoice.blade.php</file>
            <file>file:/C:/xampp/htdocs/restaurant-360/resources/views/layouts/admin/sidebar.blade.php</file>
            <file>file:/C:/xampp/htdocs/restaurant-360/resources/views/pages/invoice/create_invoice.blade.php</file>
            <file>file:/C:/xampp/htdocs/restaurant-360/routes/web.php</file>
            <file>file:/C:/xampp/htdocs/restaurant-360/app/Http/Controllers/Invoice/invoiceController.php</file>
            <file>file:/C:/xampp/htdocs/restaurant-360/resources/views/pages/invoice/edit_invoice.blade.php</file>
            <file>file:/C:/xampp/htdocs/restaurant-360/app/Helpers/CommonHelper.php</file>
        </group>
    </open-files>
</project-private>
